{"cameraMode":{"drawMode":0,"name":"Shaded","section":"Shading Mode"},"sceneLighting":true,"audioPlay":false,"sceneViewState":{"m_AlwaysRefresh":false,"showFog":true,"showSkybox":true,"showFlares":true,"showImageEffects":true,"showParticleSystems":true,"showVisualEffectGraphs":true,"m_FxEnabled":true},"in2DMode":false,"pivot":{"x":2.786322832107544,"y":0.5054150819778442,"z":152.46176147460938},"rotation":{"x":0.30698856711387637,"y":0.08095332235097885,"z":-0.02621937170624733,"w":0.9479089975357056},"size":13.206368446350098,"orthographic":false}