{"cameraMode":{"drawMode":0,"name":"Shaded","section":"Shading Mode"},"sceneLighting":true,"audioPlay":false,"sceneViewState":{"m_AlwaysRefresh":false,"showFog":true,"showSkybox":true,"showFlares":true,"showImageEffects":true,"showParticleSystems":true,"showVisualEffectGraphs":true,"m_FxEnabled":true},"in2DMode":false,"pivot":{"x":794.2247314453125,"y":753.6448364257813,"z":-111.97532653808594},"rotation":{"x":-0.0023944706190377475,"y":0.06924080103635788,"z":0.00016203164705075324,"w":0.9976008534431458},"size":619.619384765625,"orthographic":false}